model,r2_score,mae,rmse
Gradient Boosting,0.8724319149496274,17.625271256450414,23.949746518074615
XGBoost,0.8608603719310106,17.787335701290328,25.01239751330041
Random Forest,0.8261069173452077,21.552097196394648,27.96218188308851
AdaBoost,0.8250432442774962,22.78960081532251,28.04757135150723
Extra Trees,0.7984819352342478,22.666250581377074,30.10141387301341
SVR,0.5704029163103951,29.131151119981183,43.950170614671386
KNN,0.512606433717917,30.625500788649493,46.81335845582672
